CREATE DATABASE  IF NOT EXISTS `MiLugar` /*!40100 DEFAULT CHARACTER SET latin1 */;
USE `MiLugar`;
-- MySQL dump 10.13  Distrib 5.7.17, for macos10.12 (x86_64)
--
-- Host: 127.0.0.1    Database: MiLugar
-- ------------------------------------------------------
-- Server version	5.7.21

/*!40101 SET @OLD_CHARACTER_SET_CLIENT=@@CHARACTER_SET_CLIENT */;
/*!40101 SET @OLD_CHARACTER_SET_RESULTS=@@CHARACTER_SET_RESULTS */;
/*!40101 SET @OLD_COLLATION_CONNECTION=@@COLLATION_CONNECTION */;
/*!40101 SET NAMES utf8 */;
/*!40103 SET @OLD_TIME_ZONE=@@TIME_ZONE */;
/*!40103 SET TIME_ZONE='+00:00' */;
/*!40014 SET @OLD_UNIQUE_CHECKS=@@UNIQUE_CHECKS, UNIQUE_CHECKS=0 */;
/*!40014 SET @OLD_FOREIGN_KEY_CHECKS=@@FOREIGN_KEY_CHECKS, FOREIGN_KEY_CHECKS=0 */;
/*!40101 SET @OLD_SQL_MODE=@@SQL_MODE, SQL_MODE='NO_AUTO_VALUE_ON_ZERO' */;
/*!40111 SET @OLD_SQL_NOTES=@@SQL_NOTES, SQL_NOTES=0 */;

--
-- Table structure for table `comunas`
--

DROP TABLE IF EXISTS `comunas`;
/*!40101 SET @saved_cs_client     = @@character_set_client */;
/*!40101 SET character_set_client = utf8 */;
CREATE TABLE `comunas` (
  `id` int(10) unsigned NOT NULL AUTO_INCREMENT,
  `nombre` varchar(255) COLLATE utf8_bin NOT NULL,
  `provincia_id` int(11) unsigned NOT NULL,
  `email` varchar(255) COLLATE utf8_bin NOT NULL,
  `created_at` datetime DEFAULT NULL,
  `updated_at` datetime DEFAULT NULL,
  `deleted_at` datetime DEFAULT NULL,
  `estado` tinyint(4) NOT NULL DEFAULT '0',
  PRIMARY KEY (`id`),
  UNIQUE KEY `id_UNIQUE` (`id`),
  KEY `provincia_id_fk_idx` (`provincia_id`),
  CONSTRAINT `provincia_id_fk` FOREIGN KEY (`provincia_id`) REFERENCES `provincias` (`id`) ON DELETE NO ACTION ON UPDATE NO ACTION
) ENGINE=InnoDB AUTO_INCREMENT=15203 DEFAULT CHARSET=utf8 COLLATE=utf8_bin;
/*!40101 SET character_set_client = @saved_cs_client */;

--
-- Dumping data for table `comunas`
--

LOCK TABLES `comunas` WRITE;
/*!40000 ALTER TABLE `comunas` DISABLE KEYS */;
INSERT INTO `comunas` VALUES (1101,'Iquique',11,'denunciasmilugar@gmail.com',NULL,NULL,NULL,0),(1107,'Alto Hospicio',11,'denunciasmilugar@gmail.com',NULL,NULL,NULL,0),(1401,'Pozo Almonte',14,'denunciasmilugar@gmail.com',NULL,NULL,NULL,0),(1402,'Camiña',14,'denunciasmilugar@gmail.com',NULL,NULL,NULL,0),(1403,'Colchane',14,'denunciasmilugar@gmail.com',NULL,NULL,NULL,0),(1404,'Huara',14,'denunciasmilugar@gmail.com',NULL,NULL,NULL,0),(1405,'Pica',14,'denunciasmilugar@gmail.com',NULL,NULL,NULL,0),(2101,'Antofagasta',21,'denunciasmilugar@gmail.com',NULL,NULL,NULL,0),(2102,'Mejillones',21,'denunciasmilugar@gmail.com',NULL,NULL,NULL,0),(2103,'Sierra Gorda',21,'denunciasmilugar@gmail.com',NULL,NULL,NULL,0),(2104,'Taltal',21,'denunciasmilugar@gmail.com',NULL,NULL,NULL,0),(2201,'Calama',22,'denunciasmilugar@gmail.com',NULL,NULL,NULL,0),(2202,'Ollagüe',22,'denunciasmilugar@gmail.com',NULL,NULL,NULL,0),(2203,'San Pedro de Atacama',22,'denunciasmilugar@gmail.com',NULL,NULL,NULL,0),(2301,'Tocopilla',23,'denunciasmilugar@gmail.com',NULL,NULL,NULL,0),(2302,'María Elena',23,'denunciasmilugar@gmail.com',NULL,NULL,NULL,0),(3101,'Copiapó',31,'denunciasmilugar@gmail.com',NULL,NULL,NULL,0),(3102,'Caldera',31,'denunciasmilugar@gmail.com',NULL,NULL,NULL,0),(3103,'Tierra Amarilla',31,'denunciasmilugar@gmail.com',NULL,NULL,NULL,0),(3201,'Chañaral',32,'denunciasmilugar@gmail.com',NULL,NULL,NULL,0),(3202,'Diego de Almagro',32,'denunciasmilugar@gmail.com',NULL,NULL,NULL,0),(3301,'Vallenar',33,'denunciasmilugar@gmail.com',NULL,NULL,NULL,0),(3302,'Alto del Carmen',33,'denunciasmilugar@gmail.com',NULL,NULL,NULL,0),(3303,'Freirina',33,'denunciasmilugar@gmail.com',NULL,NULL,NULL,0),(3304,'Huasco',33,'denunciasmilugar@gmail.com',NULL,NULL,NULL,0),(4101,'La Serena',41,'denunciasmilugar@gmail.com',NULL,NULL,NULL,0),(4102,'Coquimbo',41,'denunciasmilugar@gmail.com',NULL,NULL,NULL,0),(4103,'Andacollo',41,'denunciasmilugar@gmail.com',NULL,NULL,NULL,0),(4104,'La Higuera',41,'denunciasmilugar@gmail.com',NULL,NULL,NULL,0),(4105,'Paihuano',41,'denunciasmilugar@gmail.com',NULL,NULL,NULL,0),(4106,'Vicuña',41,'denunciasmilugar@gmail.com',NULL,NULL,NULL,0),(4201,'Illapel',42,'denunciasmilugar@gmail.com',NULL,NULL,NULL,0),(4202,'Canela',42,'denunciasmilugar@gmail.com',NULL,NULL,NULL,0),(4203,'Los Vilos',42,'denunciasmilugar@gmail.com',NULL,NULL,NULL,0),(4204,'Salamanca',42,'denunciasmilugar@gmail.com',NULL,NULL,NULL,0),(4301,'Ovalle',43,'denunciasmilugar@gmail.com',NULL,NULL,NULL,0),(4302,'Combarbalá',43,'denunciasmilugar@gmail.com',NULL,NULL,NULL,0),(4303,'Monte Patria',43,'denunciasmilugar@gmail.com',NULL,NULL,NULL,0),(4304,'Punitaqui',43,'denunciasmilugar@gmail.com',NULL,NULL,NULL,0),(4305,'Río Hurtado',43,'denunciasmilugar@gmail.com',NULL,NULL,NULL,0),(5101,'Valparaíso',51,'denunciasmilugar@gmail.com',NULL,NULL,NULL,0),(5102,'Casablanca',51,'denunciasmilugar@gmail.com',NULL,NULL,NULL,0),(5103,'Concón',51,'denunciasmilugar@gmail.com',NULL,NULL,NULL,0),(5104,'Juan Fernández',51,'denunciasmilugar@gmail.com',NULL,NULL,NULL,0),(5105,'Puchuncaví',51,'denunciasmilugar@gmail.com',NULL,NULL,NULL,0),(5107,'Quintero',51,'denunciasmilugar@gmail.com',NULL,NULL,NULL,0),(5109,'Viña del Mar',51,'denunciasmilugar@gmail.com',NULL,NULL,NULL,0),(5201,'Isla de Pascua',52,'denunciasmilugar@gmail.com',NULL,NULL,NULL,0),(5301,'Los Andes',53,'denunciasmilugar@gmail.com',NULL,NULL,NULL,0),(5302,'Calle Larga',53,'denunciasmilugar@gmail.com',NULL,NULL,NULL,0),(5303,'Rinconada',53,'denunciasmilugar@gmail.com',NULL,NULL,NULL,0),(5304,'San Esteban',53,'denunciasmilugar@gmail.com',NULL,NULL,NULL,0),(5401,'La Ligua',54,'denunciasmilugar@gmail.com',NULL,NULL,NULL,0),(5402,'Cabildo',54,'denunciasmilugar@gmail.com',NULL,NULL,NULL,0),(5403,'Papudo',54,'denunciasmilugar@gmail.com',NULL,NULL,NULL,0),(5404,'Petorca',54,'denunciasmilugar@gmail.com',NULL,NULL,NULL,0),(5405,'Zapallar',54,'denunciasmilugar@gmail.com',NULL,NULL,NULL,0),(5501,'Quillota',55,'denunciasmilugar@gmail.com',NULL,NULL,NULL,0),(5502,'Calera',55,'denunciasmilugar@gmail.com',NULL,NULL,NULL,0),(5503,'Hijuelas',55,'denunciasmilugar@gmail.com',NULL,NULL,NULL,0),(5504,'La Cruz',55,'denunciasmilugar@gmail.com',NULL,NULL,NULL,0),(5506,'Nogales',55,'denunciasmilugar@gmail.com',NULL,NULL,NULL,0),(5601,'San Antonio',56,'denunciasmilugar@gmail.com',NULL,NULL,NULL,0),(5602,'Algarrobo',56,'denunciasmilugar@gmail.com',NULL,NULL,NULL,0),(5603,'Cartagena',56,'denunciasmilugar@gmail.com',NULL,NULL,NULL,0),(5604,'El Quisco',56,'denunciasmilugar@gmail.com',NULL,NULL,NULL,0),(5605,'El Tabo',56,'denunciasmilugar@gmail.com',NULL,NULL,NULL,0),(5606,'Santo Domingo',56,'denunciasmilugar@gmail.com',NULL,NULL,NULL,0),(5701,'San Felipe',57,'denunciasmilugar@gmail.com',NULL,NULL,NULL,0),(5702,'Catemu',57,'denunciasmilugar@gmail.com',NULL,NULL,NULL,0),(5703,'Llaillay',57,'denunciasmilugar@gmail.com',NULL,NULL,NULL,0),(5704,'Panquehue',57,'denunciasmilugar@gmail.com',NULL,NULL,NULL,0),(5705,'Putaendo',57,'denunciasmilugar@gmail.com',NULL,NULL,NULL,0),(5706,'Santa María',57,'denunciasmilugar@gmail.com',NULL,NULL,NULL,0),(5801,'Quilpué',58,'denunciasmilugar@gmail.com',NULL,NULL,NULL,0),(5802,'Limache',58,'denunciasmilugar@gmail.com',NULL,NULL,NULL,0),(5803,'Olmué',58,'denunciasmilugar@gmail.com',NULL,NULL,NULL,0),(5804,'Villa Alemana',58,'denunciasmilugar@gmail.com',NULL,NULL,NULL,0),(6101,'Rancagua',61,'denunciasmilugar@gmail.com',NULL,NULL,NULL,0),(6102,'Codegua',61,'denunciasmilugar@gmail.com',NULL,NULL,NULL,0),(6103,'Coinco',61,'denunciasmilugar@gmail.com',NULL,NULL,NULL,0),(6104,'Coltauco',61,'denunciasmilugar@gmail.com',NULL,NULL,NULL,0),(6105,'Doñihue',61,'denunciasmilugar@gmail.com',NULL,NULL,NULL,0),(6106,'Graneros',61,'denunciasmilugar@gmail.com',NULL,NULL,NULL,0),(6107,'Las Cabras',61,'denunciasmilugar@gmail.com',NULL,NULL,NULL,0),(6108,'Machalí',61,'denunciasmilugar@gmail.com',NULL,NULL,NULL,0),(6109,'Malloa',61,'denunciasmilugar@gmail.com',NULL,NULL,NULL,0),(6110,'Mostazal',61,'denunciasmilugar@gmail.com',NULL,NULL,NULL,0),(6111,'Olivar',61,'denunciasmilugar@gmail.com',NULL,NULL,NULL,0),(6112,'Peumo',61,'denunciasmilugar@gmail.com',NULL,NULL,NULL,0),(6113,'Pichidegua',61,'denunciasmilugar@gmail.com',NULL,NULL,NULL,0),(6114,'Quinta de Tilcoco',61,'denunciasmilugar@gmail.com',NULL,NULL,NULL,0),(6115,'Rengo',61,'denunciasmilugar@gmail.com',NULL,NULL,NULL,0),(6116,'Requínoa',61,'denunciasmilugar@gmail.com',NULL,NULL,NULL,0),(6117,'San Vicente',61,'denunciasmilugar@gmail.com',NULL,NULL,NULL,0),(6201,'Pichilemu',62,'denunciasmilugar@gmail.com',NULL,NULL,NULL,0),(6202,'La Estrella',62,'denunciasmilugar@gmail.com',NULL,NULL,NULL,0),(6203,'Litueche',62,'denunciasmilugar@gmail.com',NULL,NULL,NULL,0),(6204,'Marchigüe',62,'denunciasmilugar@gmail.com',NULL,NULL,NULL,0),(6205,'Navidad',62,'denunciasmilugar@gmail.com',NULL,NULL,NULL,0),(6206,'Paredones',62,'denunciasmilugar@gmail.com',NULL,NULL,NULL,0),(6301,'San Fernando',63,'denunciasmilugar@gmail.com',NULL,NULL,NULL,0),(6302,'Chépica',63,'denunciasmilugar@gmail.com',NULL,NULL,NULL,0),(6303,'Chimbarongo',63,'denunciasmilugar@gmail.com',NULL,NULL,NULL,0),(6304,'Lolol',63,'denunciasmilugar@gmail.com',NULL,NULL,NULL,0),(6305,'Nancagua',63,'denunciasmilugar@gmail.com',NULL,NULL,NULL,0),(6306,'Palmilla',63,'denunciasmilugar@gmail.com',NULL,NULL,NULL,0),(6307,'Peralillo',63,'denunciasmilugar@gmail.com',NULL,NULL,NULL,0),(6308,'Placilla',63,'denunciasmilugar@gmail.com',NULL,NULL,NULL,0),(6309,'Pumanque',63,'denunciasmilugar@gmail.com',NULL,NULL,NULL,0),(6310,'Santa Cruz',63,'denunciasmilugar@gmail.com',NULL,NULL,NULL,0),(7101,'Talca',71,'denunciasmilugar@gmail.com',NULL,NULL,NULL,0),(7102,'Constitución',71,'denunciasmilugar@gmail.com',NULL,NULL,NULL,0),(7103,'Curepto',71,'denunciasmilugar@gmail.com',NULL,NULL,NULL,0),(7104,'Empedrado',71,'denunciasmilugar@gmail.com',NULL,NULL,NULL,0),(7105,'Maule',71,'denunciasmilugar@gmail.com',NULL,NULL,NULL,0),(7106,'Pelarco',71,'denunciasmilugar@gmail.com',NULL,NULL,NULL,0),(7107,'Pencahue',71,'denunciasmilugar@gmail.com',NULL,NULL,NULL,0),(7108,'Río Claro',71,'denunciasmilugar@gmail.com',NULL,NULL,NULL,0),(7109,'San Clemente',71,'denunciasmilugar@gmail.com',NULL,NULL,NULL,0),(7110,'San Rafael',71,'denunciasmilugar@gmail.com',NULL,NULL,NULL,0),(7201,'Cauquenes',72,'denunciasmilugar@gmail.com',NULL,NULL,NULL,0),(7202,'Chanco',72,'denunciasmilugar@gmail.com',NULL,NULL,NULL,0),(7203,'Pelluhue',72,'denunciasmilugar@gmail.com',NULL,NULL,NULL,0),(7301,'Curicó',73,'denunciasmilugar@gmail.com',NULL,NULL,NULL,0),(7302,'Hualañé',73,'denunciasmilugar@gmail.com',NULL,NULL,NULL,0),(7303,'Licantén',73,'denunciasmilugar@gmail.com',NULL,NULL,NULL,0),(7304,'Molina',73,'denunciasmilugar@gmail.com',NULL,NULL,NULL,0),(7305,'Rauco',73,'denunciasmilugar@gmail.com',NULL,NULL,NULL,0),(7306,'Romeral',73,'denunciasmilugar@gmail.com',NULL,NULL,NULL,0),(7307,'Sagrada Familia',73,'denunciasmilugar@gmail.com',NULL,NULL,NULL,0),(7308,'Teno',73,'denunciasmilugar@gmail.com',NULL,NULL,NULL,0),(7309,'Vichuquén',73,'denunciasmilugar@gmail.com',NULL,NULL,NULL,0),(7401,'Linares',74,'denunciasmilugar@gmail.com',NULL,NULL,NULL,0),(7402,'Colbún',74,'denunciasmilugar@gmail.com',NULL,NULL,NULL,0),(7403,'Longaví',74,'denunciasmilugar@gmail.com',NULL,NULL,NULL,0),(7404,'Parral',74,'denunciasmilugar@gmail.com',NULL,NULL,NULL,0),(7405,'Retiro',74,'denunciasmilugar@gmail.com',NULL,NULL,NULL,0),(7406,'San Javier',74,'denunciasmilugar@gmail.com',NULL,NULL,NULL,0),(7407,'Villa Alegre',74,'denunciasmilugar@gmail.com',NULL,NULL,NULL,0),(7408,'Yerbas Buenas',74,'denunciasmilugar@gmail.com',NULL,NULL,NULL,0),(8101,'Concepción',81,'denunciasmilugar@gmail.com',NULL,NULL,NULL,0),(8102,'Coronel',81,'denunciasmilugar@gmail.com',NULL,NULL,NULL,0),(8103,'Chiguayante',81,'denunciasmilugar@gmail.com',NULL,NULL,NULL,0),(8104,'Florida',81,'denunciasmilugar@gmail.com',NULL,NULL,NULL,0),(8105,'Hualqui',81,'denunciasmilugar@gmail.com',NULL,NULL,NULL,0),(8106,'Lota',81,'denunciasmilugar@gmail.com',NULL,NULL,NULL,0),(8107,'Penco',81,'denunciasmilugar@gmail.com',NULL,NULL,NULL,0),(8108,'San Pedro de la Paz',81,'denunciasmilugar@gmail.com',NULL,NULL,NULL,0),(8109,'Santa Juana',81,'denunciasmilugar@gmail.com',NULL,NULL,NULL,0),(8110,'Talcahuano',81,'denunciasmilugar@gmail.com',NULL,NULL,NULL,0),(8111,'Tomé',81,'denunciasmilugar@gmail.com',NULL,NULL,NULL,0),(8112,'Hualpén',81,'denunciasmilugar@gmail.com',NULL,NULL,NULL,0),(8201,'Lebu',82,'denunciasmilugar@gmail.com',NULL,NULL,NULL,0),(8202,'Arauco',82,'denunciasmilugar@gmail.com',NULL,NULL,NULL,0),(8203,'Cañete',82,'denunciasmilugar@gmail.com',NULL,NULL,NULL,0),(8204,'Contulmo',82,'denunciasmilugar@gmail.com',NULL,NULL,NULL,0),(8205,'Curanilahue',82,'denunciasmilugar@gmail.com',NULL,NULL,NULL,0),(8206,'Los Álamos',82,'denunciasmilugar@gmail.com',NULL,NULL,NULL,0),(8207,'Tirúa',82,'denunciasmilugar@gmail.com',NULL,NULL,NULL,0),(8301,'Los Ángeles',83,'denunciasmilugar@gmail.com',NULL,NULL,NULL,0),(8302,'Antuco',83,'denunciasmilugar@gmail.com',NULL,NULL,NULL,0),(8303,'Cabrero',83,'denunciasmilugar@gmail.com',NULL,NULL,NULL,0),(8304,'Laja',83,'denunciasmilugar@gmail.com',NULL,NULL,NULL,0),(8305,'Mulchén',83,'denunciasmilugar@gmail.com',NULL,NULL,NULL,0),(8306,'Nacimiento',83,'denunciasmilugar@gmail.com',NULL,NULL,NULL,0),(8307,'Negrete',83,'denunciasmilugar@gmail.com',NULL,NULL,NULL,0),(8308,'Quilaco',83,'denunciasmilugar@gmail.com',NULL,NULL,NULL,0),(8309,'Quilleco',83,'denunciasmilugar@gmail.com',NULL,NULL,NULL,0),(8310,'San Rosendo',83,'denunciasmilugar@gmail.com',NULL,NULL,NULL,0),(8311,'Santa Bárbara',83,'denunciasmilugar@gmail.com',NULL,NULL,NULL,0),(8312,'Tucapel',83,'denunciasmilugar@gmail.com',NULL,NULL,NULL,0),(8313,'Yumbel',83,'denunciasmilugar@gmail.com',NULL,NULL,NULL,0),(8314,'Alto Biobío',83,'denunciasmilugar@gmail.com',NULL,NULL,NULL,0),(8401,'Chillán',84,'denunciasmilugar@gmail.com',NULL,NULL,NULL,0),(8402,'Bulnes',84,'denunciasmilugar@gmail.com',NULL,NULL,NULL,0),(8403,'Cobquecura',84,'denunciasmilugar@gmail.com',NULL,NULL,NULL,0),(8404,'Coelemu',84,'denunciasmilugar@gmail.com',NULL,NULL,NULL,0),(8405,'Coihueco',84,'denunciasmilugar@gmail.com',NULL,NULL,NULL,0),(8406,'Chillán Viejo',84,'denunciasmilugar@gmail.com',NULL,NULL,NULL,0),(8407,'El Carmen',84,'denunciasmilugar@gmail.com',NULL,NULL,NULL,0),(8408,'Ninhue',84,'denunciasmilugar@gmail.com',NULL,NULL,NULL,0),(8409,'Ñiquén',84,'denunciasmilugar@gmail.com',NULL,NULL,NULL,0),(8410,'Pemuco',84,'denunciasmilugar@gmail.com',NULL,NULL,NULL,0),(8411,'Pinto',84,'denunciasmilugar@gmail.com',NULL,NULL,NULL,0),(8412,'Portezuelo',84,'denunciasmilugar@gmail.com',NULL,NULL,NULL,0),(8413,'Quillón',84,'denunciasmilugar@gmail.com',NULL,NULL,NULL,0),(8414,'Quirihue',84,'denunciasmilugar@gmail.com',NULL,NULL,NULL,0),(8415,'Ránquil',84,'denunciasmilugar@gmail.com',NULL,NULL,NULL,0),(8416,'San Carlos',84,'denunciasmilugar@gmail.com',NULL,NULL,NULL,0),(8417,'San Fabián',84,'denunciasmilugar@gmail.com',NULL,NULL,NULL,0),(8418,'San Ignacio',84,'denunciasmilugar@gmail.com',NULL,NULL,NULL,0),(8419,'San Nicolás',84,'denunciasmilugar@gmail.com',NULL,NULL,NULL,0),(8420,'Treguaco',84,'denunciasmilugar@gmail.com',NULL,NULL,NULL,0),(8421,'Yungay',84,'denunciasmilugar@gmail.com',NULL,NULL,NULL,0),(9101,'Temuco',91,'denunciasmilugar@gmail.com',NULL,NULL,NULL,0),(9102,'Carahue',91,'denunciasmilugar@gmail.com',NULL,NULL,NULL,0),(9103,'Cunco',91,'denunciasmilugar@gmail.com',NULL,NULL,NULL,0),(9104,'Curarrehue',91,'denunciasmilugar@gmail.com',NULL,NULL,NULL,0),(9105,'Freire',91,'denunciasmilugar@gmail.com',NULL,NULL,NULL,0),(9106,'Galvarino',91,'denunciasmilugar@gmail.com',NULL,NULL,NULL,0),(9107,'Gorbea',91,'denunciasmilugar@gmail.com',NULL,NULL,NULL,0),(9108,'Lautaro',91,'denunciasmilugar@gmail.com',NULL,NULL,NULL,0),(9109,'Loncoche',91,'denunciasmilugar@gmail.com',NULL,NULL,NULL,0),(9110,'Melipeuco',91,'denunciasmilugar@gmail.com',NULL,NULL,NULL,0),(9111,'Nueva Imperial',91,'denunciasmilugar@gmail.com',NULL,NULL,NULL,0),(9112,'Padre las Casas',91,'denunciasmilugar@gmail.com',NULL,NULL,NULL,0),(9113,'Perquenco',91,'denunciasmilugar@gmail.com',NULL,NULL,NULL,0),(9114,'Pitrufquén',91,'denunciasmilugar@gmail.com',NULL,NULL,NULL,0),(9115,'Pucón',91,'denunciasmilugar@gmail.com',NULL,NULL,NULL,0),(9116,'Saavedra',91,'denunciasmilugar@gmail.com',NULL,NULL,NULL,0),(9117,'Teodoro Schmidt',91,'denunciasmilugar@gmail.com',NULL,NULL,NULL,0),(9118,'Toltén',91,'denunciasmilugar@gmail.com',NULL,NULL,NULL,0),(9119,'Vilcún',91,'denunciasmilugar@gmail.com',NULL,NULL,NULL,0),(9120,'Villarrica',91,'denunciasmilugar@gmail.com',NULL,NULL,NULL,0),(9121,'Cholchol',91,'denunciasmilugar@gmail.com',NULL,NULL,NULL,0),(9201,'Angol',92,'denunciasmilugar@gmail.com',NULL,NULL,NULL,0),(9202,'Collipulli',92,'denunciasmilugar@gmail.com',NULL,NULL,NULL,0),(9203,'Curacautín',92,'denunciasmilugar@gmail.com',NULL,NULL,NULL,0),(9204,'Ercilla',92,'denunciasmilugar@gmail.com',NULL,NULL,NULL,0),(9205,'Lonquimay',92,'denunciasmilugar@gmail.com',NULL,NULL,NULL,0),(9206,'Los Sauces',92,'denunciasmilugar@gmail.com',NULL,NULL,NULL,0),(9207,'Lumaco',92,'denunciasmilugar@gmail.com',NULL,NULL,NULL,0),(9208,'Purén',92,'denunciasmilugar@gmail.com',NULL,NULL,NULL,0),(9209,'Renaico',92,'denunciasmilugar@gmail.com',NULL,NULL,NULL,0),(9210,'Traiguén',92,'denunciasmilugar@gmail.com',NULL,NULL,NULL,0),(9211,'Victoria',92,'denunciasmilugar@gmail.com',NULL,NULL,NULL,0),(10101,'Puerto Montt',101,'denunciasmilugar@gmail.com',NULL,NULL,NULL,0),(10102,'Calbuco',101,'denunciasmilugar@gmail.com',NULL,NULL,NULL,0),(10103,'Cochamó',101,'denunciasmilugar@gmail.com',NULL,NULL,NULL,0),(10104,'Fresia',101,'denunciasmilugar@gmail.com',NULL,NULL,NULL,0),(10105,'Frutillar',101,'denunciasmilugar@gmail.com',NULL,NULL,NULL,0),(10106,'Los Muermos',101,'denunciasmilugar@gmail.com',NULL,NULL,NULL,0),(10107,'Llanquihue',101,'denunciasmilugar@gmail.com',NULL,NULL,NULL,0),(10108,'Maullín',101,'denunciasmilugar@gmail.com',NULL,NULL,NULL,0),(10109,'Puerto Varas',101,'denunciasmilugar@gmail.com',NULL,NULL,NULL,0),(10201,'Castro',102,'denunciasmilugar@gmail.com',NULL,NULL,NULL,0),(10202,'Ancud',102,'denunciasmilugar@gmail.com',NULL,NULL,NULL,0),(10203,'Chonchi',102,'denunciasmilugar@gmail.com',NULL,NULL,NULL,0),(10204,'Curaco de Vélez',102,'denunciasmilugar@gmail.com',NULL,NULL,NULL,0),(10205,'Dalcahue',102,'denunciasmilugar@gmail.com',NULL,NULL,NULL,0),(10206,'Puqueldón',102,'denunciasmilugar@gmail.com',NULL,NULL,NULL,0),(10207,'Queilén',102,'denunciasmilugar@gmail.com',NULL,NULL,NULL,0),(10208,'Quellón',102,'denunciasmilugar@gmail.com',NULL,NULL,NULL,0),(10209,'Quemchi',102,'denunciasmilugar@gmail.com',NULL,NULL,NULL,0),(10210,'Quinchao',102,'denunciasmilugar@gmail.com',NULL,NULL,NULL,0),(10301,'Osorno',103,'denunciasmilugar@gmail.com',NULL,NULL,NULL,0),(10302,'Puerto Octay',103,'denunciasmilugar@gmail.com',NULL,NULL,NULL,0),(10303,'Purranque',103,'denunciasmilugar@gmail.com',NULL,NULL,NULL,0),(10304,'Puyehue',103,'denunciasmilugar@gmail.com',NULL,NULL,NULL,0),(10305,'Río Negro',103,'denunciasmilugar@gmail.com',NULL,NULL,NULL,0),(10306,'San Juan de la Costa',103,'denunciasmilugar@gmail.com',NULL,NULL,NULL,0),(10307,'San Pablo',103,'denunciasmilugar@gmail.com',NULL,NULL,NULL,0),(10401,'Chaitén',104,'denunciasmilugar@gmail.com',NULL,NULL,NULL,0),(10402,'Futaleufú',104,'denunciasmilugar@gmail.com',NULL,NULL,NULL,0),(10403,'Hualaihué',104,'denunciasmilugar@gmail.com',NULL,NULL,NULL,0),(10404,'Palena',104,'denunciasmilugar@gmail.com',NULL,NULL,NULL,0),(11101,'Coihaique',111,'denunciasmilugar@gmail.com',NULL,NULL,NULL,0),(11102,'Lago Verde',111,'denunciasmilugar@gmail.com',NULL,NULL,NULL,0),(11201,'Aysén',112,'denunciasmilugar@gmail.com',NULL,NULL,NULL,0),(11202,'Cisnes',112,'denunciasmilugar@gmail.com',NULL,NULL,NULL,0),(11203,'Guaitecas',112,'denunciasmilugar@gmail.com',NULL,NULL,NULL,0),(11301,'Cochrane',113,'denunciasmilugar@gmail.com',NULL,NULL,NULL,0),(11302,'O’Higgins',113,'denunciasmilugar@gmail.com',NULL,NULL,NULL,0),(11303,'Tortel',113,'denunciasmilugar@gmail.com',NULL,NULL,NULL,0),(11401,'Chile Chico',114,'denunciasmilugar@gmail.com',NULL,NULL,NULL,0),(11402,'Río Ibáñez',114,'denunciasmilugar@gmail.com',NULL,NULL,NULL,0),(12101,'Punta Arenas',121,'denunciasmilugar@gmail.com',NULL,NULL,NULL,0),(12102,'Laguna Blanca',121,'denunciasmilugar@gmail.com',NULL,NULL,NULL,0),(12103,'Río Verde',121,'denunciasmilugar@gmail.com',NULL,NULL,NULL,0),(12104,'San Gregorio',121,'denunciasmilugar@gmail.com',NULL,NULL,NULL,0),(12201,'Cabo de Hornos',122,'denunciasmilugar@gmail.com',NULL,NULL,NULL,0),(12202,'Antártica',122,'denunciasmilugar@gmail.com',NULL,NULL,NULL,0),(12301,'Porvenir',123,'denunciasmilugar@gmail.com',NULL,NULL,NULL,0),(12302,'Primavera',123,'denunciasmilugar@gmail.com',NULL,NULL,NULL,0),(12303,'Timaukel',123,'denunciasmilugar@gmail.com',NULL,NULL,NULL,0),(12401,'Natales',124,'denunciasmilugar@gmail.com',NULL,NULL,NULL,0),(12402,'Torres del Paine',124,'denunciasmilugar@gmail.com',NULL,NULL,NULL,0),(13101,'Santiago',131,'denunciasmilugar@gmail.com',NULL,NULL,NULL,1),(13102,'Cerrillos',131,'denunciasmilugar@gmail.com',NULL,NULL,NULL,0),(13103,'Cerro Navia',131,'denunciasmilugar@gmail.com',NULL,NULL,NULL,0),(13104,'Conchalí',131,'denunciasmilugar@gmail.com',NULL,NULL,NULL,0),(13105,'El Bosque',131,'denunciasmilugar@gmail.com',NULL,NULL,NULL,0),(13106,'Estación Central',131,'denunciasmilugar@gmail.com',NULL,NULL,NULL,0),(13107,'Huechuraba',131,'denunciasmilugar@gmail.com',NULL,NULL,NULL,0),(13108,'Independencia',131,'denunciasmilugar@gmail.com',NULL,NULL,NULL,1),(13109,'La Cisterna',131,'denunciasmilugar@gmail.com',NULL,NULL,NULL,0),(13110,'La Florida',131,'denunciasmilugar@gmail.com',NULL,NULL,NULL,0),(13111,'La Granja',131,'denunciasmilugar@gmail.com',NULL,NULL,NULL,0),(13112,'La Pintana',131,'denunciasmilugar@gmail.com',NULL,NULL,NULL,0),(13113,'La Reina',131,'denunciasmilugar@gmail.com',NULL,NULL,NULL,0),(13114,'Las Condes',131,'denunciasmilugar@gmail.com',NULL,NULL,NULL,0),(13115,'Lo Barnechea',131,'denunciasmilugar@gmail.com',NULL,NULL,NULL,0),(13116,'Lo Espejo',131,'denunciasmilugar@gmail.com',NULL,NULL,NULL,0),(13117,'Lo Prado',131,'denunciasmilugar@gmail.com',NULL,NULL,NULL,0),(13118,'Macul',131,'denunciasmilugar@gmail.com',NULL,NULL,NULL,0),(13119,'Maipú',131,'denunciasmilugar@gmail.com',NULL,NULL,NULL,0),(13120,'Ñuñoa',131,'denunciasmilugar@gmail.com',NULL,NULL,NULL,1),(13121,'Pedro Aguirre Cerda',131,'denunciasmilugar@gmail.com',NULL,NULL,NULL,0),(13122,'Peñalolén',131,'denunciasmilugar@gmail.com',NULL,NULL,NULL,0),(13123,'Providencia',131,'denunciasmilugar@gmail.com',NULL,NULL,NULL,1),(13124,'Pudahuel',131,'denunciasmilugar@gmail.com',NULL,NULL,NULL,0),(13125,'Quilicura',131,'denunciasmilugar@gmail.com',NULL,NULL,NULL,0),(13126,'Quinta Normal',131,'denunciasmilugar@gmail.com',NULL,NULL,NULL,0),(13127,'Recoleta',131,'denunciasmilugar@gmail.com',NULL,NULL,NULL,0),(13128,'Renca',131,'denunciasmilugar@gmail.com',NULL,NULL,NULL,0),(13129,'San Joaquín',131,'denunciasmilugar@gmail.com',NULL,NULL,NULL,0),(13130,'San Miguel',131,'denunciasmilugar@gmail.com',NULL,NULL,NULL,0),(13131,'San Ramón',131,'denunciasmilugar@gmail.com',NULL,NULL,NULL,0),(13132,'Vitacura',131,'denunciasmilugar@gmail.com',NULL,NULL,NULL,0),(13201,'Puente Alto',132,'denunciasmilugar@gmail.com',NULL,NULL,NULL,0),(13202,'Pirque',132,'denunciasmilugar@gmail.com',NULL,NULL,NULL,0),(13203,'San José de Maipo',132,'denunciasmilugar@gmail.com',NULL,NULL,NULL,0),(13301,'Colina',133,'denunciasmilugar@gmail.com',NULL,NULL,NULL,0),(13302,'Lampa',133,'denunciasmilugar@gmail.com',NULL,NULL,NULL,0),(13303,'Tiltil',133,'denunciasmilugar@gmail.com',NULL,NULL,NULL,0),(13401,'San Bernardo',134,'denunciasmilugar@gmail.com',NULL,NULL,NULL,0),(13402,'Buin',134,'denunciasmilugar@gmail.com',NULL,NULL,NULL,0),(13403,'Calera de Tango',134,'denunciasmilugar@gmail.com',NULL,NULL,NULL,0),(13404,'Paine',134,'denunciasmilugar@gmail.com',NULL,NULL,NULL,0),(13501,'Melipilla',135,'denunciasmilugar@gmail.com',NULL,NULL,NULL,0),(13502,'Alhué',135,'denunciasmilugar@gmail.com',NULL,NULL,NULL,0),(13503,'Curacaví',135,'denunciasmilugar@gmail.com',NULL,NULL,NULL,0),(13504,'María Pinto',135,'denunciasmilugar@gmail.com',NULL,NULL,NULL,0),(13505,'San Pedro',135,'denunciasmilugar@gmail.com',NULL,NULL,NULL,0),(13601,'Talagante',136,'denunciasmilugar@gmail.com',NULL,NULL,NULL,0),(13602,'El Monte',136,'denunciasmilugar@gmail.com',NULL,NULL,NULL,0),(13603,'Isla de Maipo',136,'denunciasmilugar@gmail.com',NULL,NULL,NULL,0),(13604,'Padre Hurtado',136,'denunciasmilugar@gmail.com',NULL,NULL,NULL,0),(13605,'Peñaflor',136,'denunciasmilugar@gmail.com',NULL,NULL,NULL,0),(14101,'Valdivia',141,'denunciasmilugar@gmail.com',NULL,NULL,NULL,0),(14102,'Corral',141,'denunciasmilugar@gmail.com',NULL,NULL,NULL,0),(14103,'Lanco',141,'denunciasmilugar@gmail.com',NULL,NULL,NULL,0),(14104,'Los Lagos',141,'denunciasmilugar@gmail.com',NULL,NULL,NULL,0),(14105,'Máfil',141,'denunciasmilugar@gmail.com',NULL,NULL,NULL,0),(14106,'Mariquina',141,'denunciasmilugar@gmail.com',NULL,NULL,NULL,0),(14107,'Paillaco',141,'denunciasmilugar@gmail.com',NULL,NULL,NULL,0),(14108,'Panguipulli',141,'denunciasmilugar@gmail.com',NULL,NULL,NULL,0),(14201,'La Unión',142,'denunciasmilugar@gmail.com',NULL,NULL,NULL,0),(14202,'Futrono',142,'denunciasmilugar@gmail.com',NULL,NULL,NULL,0),(14203,'Lago Ranco',142,'denunciasmilugar@gmail.com',NULL,NULL,NULL,0),(14204,'Río Bueno',142,'denunciasmilugar@gmail.com',NULL,NULL,NULL,0),(15101,'Arica',151,'denunciasmilugar@gmail.com',NULL,NULL,NULL,0),(15102,'Camarones',151,'denunciasmilugar@gmail.com',NULL,NULL,NULL,0),(15201,'Putre',152,'denunciasmilugar@gmail.com',NULL,NULL,NULL,0),(15202,'General Lagos',152,'denunciasmilugar@gmail.com',NULL,NULL,NULL,0);
/*!40000 ALTER TABLE `comunas` ENABLE KEYS */;
UNLOCK TABLES;

--
-- Table structure for table `contactos`
--

DROP TABLE IF EXISTS `contactos`;
/*!40101 SET @saved_cs_client     = @@character_set_client */;
/*!40101 SET character_set_client = utf8 */;
CREATE TABLE `contactos` (
  `id` bigint(20) unsigned NOT NULL,
  `nombre` varchar(255) COLLATE utf8_bin NOT NULL,
  `email` varchar(255) COLLATE utf8_bin NOT NULL,
  `mensaje` mediumtext COLLATE utf8_bin NOT NULL,
  `created_at` datetime DEFAULT NULL,
  `updated_at` datetime DEFAULT NULL,
  `deleted_at` datetime DEFAULT NULL,
  PRIMARY KEY (`id`),
  UNIQUE KEY `id_UNIQUE` (`id`)
) ENGINE=InnoDB DEFAULT CHARSET=utf8 COLLATE=utf8_bin;
/*!40101 SET character_set_client = @saved_cs_client */;

--
-- Dumping data for table `contactos`
--

LOCK TABLES `contactos` WRITE;
/*!40000 ALTER TABLE `contactos` DISABLE KEYS */;
/*!40000 ALTER TABLE `contactos` ENABLE KEYS */;
UNLOCK TABLES;

--
-- Table structure for table `denuncias`
--

DROP TABLE IF EXISTS `denuncias`;
/*!40101 SET @saved_cs_client     = @@character_set_client */;
/*!40101 SET character_set_client = utf8 */;
CREATE TABLE `denuncias` (
  `id` int(10) unsigned NOT NULL AUTO_INCREMENT,
  `foto` blob,
  `estacionamiento_id` int(11) unsigned NOT NULL,
  `created_at` datetime DEFAULT NULL,
  `updated_at` datetime DEFAULT NULL,
  `deleted_at` datetime DEFAULT NULL,
  `descripcion` mediumtext COLLATE utf8_bin,
  PRIMARY KEY (`id`),
  UNIQUE KEY `id_UNIQUE` (`id`),
  KEY `estacionamiento_id_fk_idx` (`estacionamiento_id`),
  CONSTRAINT `estacionamiento_id_fk` FOREIGN KEY (`estacionamiento_id`) REFERENCES `estacionamientos` (`id`) ON DELETE NO ACTION ON UPDATE NO ACTION
) ENGINE=InnoDB DEFAULT CHARSET=utf8 COLLATE=utf8_bin;
/*!40101 SET character_set_client = @saved_cs_client */;

--
-- Dumping data for table `denuncias`
--

LOCK TABLES `denuncias` WRITE;
/*!40000 ALTER TABLE `denuncias` DISABLE KEYS */;
/*!40000 ALTER TABLE `denuncias` ENABLE KEYS */;
UNLOCK TABLES;

--
-- Table structure for table `estacionamientos`
--

DROP TABLE IF EXISTS `estacionamientos`;
/*!40101 SET @saved_cs_client     = @@character_set_client */;
/*!40101 SET character_set_client = utf8 */;
CREATE TABLE `estacionamientos` (
  `id` int(10) unsigned NOT NULL AUTO_INCREMENT,
  `calle` varchar(255) COLLATE utf8_bin NOT NULL,
  `numero` varchar(16) COLLATE utf8_bin NOT NULL,
  `comuna_id` int(11) unsigned NOT NULL,
  `latitud` decimal(14,10) DEFAULT NULL,
  `longitud` decimal(14,10) DEFAULT NULL,
  `cantidad` int(11) NOT NULL DEFAULT '1',
  `orientacion` varchar(2) COLLATE utf8_bin NOT NULL,
  `vereda` char(1) COLLATE utf8_bin NOT NULL,
  `senalizacion` int(11) NOT NULL DEFAULT '0',
  `estado` int(1) NOT NULL DEFAULT '1',
  `created_at` datetime DEFAULT NULL,
  `updated_at` datetime DEFAULT NULL,
  `deleted_at` datetime DEFAULT NULL,
  PRIMARY KEY (`id`),
  UNIQUE KEY `id_UNIQUE` (`id`),
  KEY `comuna_id_fk_idx` (`comuna_id`),
  CONSTRAINT `comuna_id_fk` FOREIGN KEY (`comuna_id`) REFERENCES `comunas` (`id`) ON DELETE NO ACTION ON UPDATE NO ACTION
) ENGINE=InnoDB AUTO_INCREMENT=307 DEFAULT CHARSET=utf8 COLLATE=utf8_bin;
/*!40101 SET character_set_client = @saved_cs_client */;

--
-- Dumping data for table `estacionamientos`
--

LOCK TABLES `estacionamientos` WRITE;
/*!40000 ALTER TABLE `estacionamientos` DISABLE KEYS */;
INSERT INTO `estacionamientos` VALUES (1,'Ricardo Lyon','3500',13120,-33.4534140000,-70.6022980000,1,'X','X',1,1,NULL,NULL,NULL),(2,'Villaseca','123',13120,-33.4526070000,-70.6034280000,1,'X','X',1,1,NULL,NULL,NULL),(3,'Dublé Almeyda','3100',13120,-33.4564600000,-70.5988320000,2,'X','X',1,1,NULL,NULL,NULL),(4,'Capitán Orellana','2521',13120,-33.4527960000,-70.6041130000,1,'X','X',1,1,NULL,NULL,NULL),(5,'Los Tres Antonios','81',13120,-33.4552590000,-70.6026430000,1,'X','X',1,1,NULL,NULL,NULL),(6,'Exequiel Fernández','102',13120,-33.4526140000,-70.6140900000,1,'X','X',1,1,NULL,NULL,NULL),(7,'Juan Sabaj','156',13120,-33.4542960000,-70.5725550000,1,'X','X',1,1,NULL,NULL,NULL),(8,'Plaza Egaña','100',13120,-33.4529170000,-70.5709290000,1,'X','X',1,1,NULL,NULL,NULL),(9,'Domingo Faustino Sarmiento','50',13120,-33.4526830000,-70.6140780000,1,'X','X',1,1,NULL,NULL,NULL),(10,'San Eugenio','100',13120,-33.4538700000,-70.6278330000,1,'X','X',1,1,NULL,NULL,NULL),(11,'Francisco Molina','80',13120,-33.4561520000,-70.5933340000,2,'X','X',1,1,NULL,NULL,NULL),(12,'Manuel de Salas','65',13120,-33.4545030000,-70.5931970000,1,'X','X',1,1,NULL,NULL,NULL),(13,'Agustinas','1269',13101,-33.4411000000,-70.6544840000,1,'X','X',1,1,NULL,NULL,NULL),(14,'Almirante Lorenzo Gotuzzo','92',13101,-33.4425870000,-70.6556190000,1,'X','X',1,1,NULL,NULL,NULL),(15,'Amunategui','980',13101,-33.4327050000,-70.6578570000,1,'X','X',1,1,NULL,NULL,NULL),(16,'Amunategui','333',13101,-33.4397200000,-70.6565450000,1,'X','X',1,1,NULL,NULL,NULL),(17,'Bandera','272',13101,-33.4398480000,-70.6524660000,1,'X','X',1,1,NULL,NULL,NULL),(18,'Fanor Velasco','51',13101,-33.4438900000,-70.6595040000,1,'X','X',1,1,NULL,NULL,NULL),(19,'Huerfanos','1440',13101,-33.4401870000,-70.6573260000,1,'X','X',1,1,NULL,NULL,NULL),(20,'Ismael Valdes Vergara','382',13101,-33.4359870000,-70.6427040000,1,'X','X',1,1,NULL,NULL,NULL),(21,'Ismael Valdes Vergara','558',13101,-33.4345570000,-70.6452280000,1,'X','X',1,1,NULL,NULL,NULL),(22,'Mario Kreutzberger Blumenfeld','1531',13101,-33.4358380000,-70.6593440000,1,'X','X',1,1,NULL,NULL,NULL),(23,'Matias Cousiño','906',13101,-33.4418390000,-70.6498010000,1,'X','X',1,1,NULL,NULL,NULL),(24,'Matias Cousiño','906',13101,-33.4418390000,-70.6498010000,1,'X','X',1,1,NULL,NULL,NULL),(25,'Maximo Humbser','534',13101,-33.4395430000,-70.6446120000,1,'X','X',1,1,NULL,NULL,NULL),(26,'Moneda','780',13101,-33.4415840000,-70.6474970000,1,'X','X',1,1,NULL,NULL,NULL),(27,'Nueva de Bueras','180',13101,-33.4372900000,-70.6384330000,1,'X','X',1,1,NULL,NULL,NULL),(28,'Rosal','312',13101,-33.4377260000,-70.6412730000,1,'X','X',1,1,NULL,NULL,NULL),(29,'Rosal','345',13101,-33.4382700000,-70.6426710000,1,'X','X',1,1,NULL,NULL,NULL),(30,'Rosas','1074',13101,-33.4350620000,-70.6526130000,1,'X','X',1,1,NULL,NULL,NULL),(31,'San Pablo','1055',13101,-33.4339200000,-70.6525060000,1,'X','X',1,1,NULL,NULL,NULL),(32,'San Pablo','970',13101,-33.4341730000,-70.6513470000,1,'X','X',1,1,NULL,NULL,NULL),(33,'Tucapel Jimenez','56',13101,-33.4437240000,-70.6589840000,1,'X','X',1,1,NULL,NULL,NULL),(35,'Cienfuegos','167',13101,-33.4421390000,-70.6633770000,1,'X','X',1,1,NULL,NULL,NULL),(36,'Compañia de Jesus','2077',13101,-33.4400030000,-70.6658890000,1,'X','X',1,1,NULL,NULL,NULL),(37,'Erasmo Escala','1825',13101,-33.4442650000,-70.6621860000,1,'X','X',1,1,NULL,NULL,NULL),(38,'Esperanza','1230',13101,-33.4311510000,-70.6765840000,1,'X','X',1,1,NULL,NULL,NULL),(39,'Huerfanos','1880',13101,-33.4407440000,-70.6631640000,1,'X','X',1,1,NULL,NULL,NULL),(40,'Huerfanos','3180',13101,-33.4423260000,-70.6785970000,1,'X','X',1,1,NULL,NULL,NULL),(41,'Jose Toribio Medina','15',13101,-33.4458380000,-70.6636390000,1,'X','X',1,1,NULL,NULL,NULL),(42,'Jose Toribio Medina','26',13101,-33.4456160000,-70.6639280000,1,'X','X',1,1,NULL,NULL,NULL),(43,'La Fetra','131',13101,-33.4426890000,-70.6644530000,1,'X','X',1,1,NULL,NULL,NULL),(44,'Libertad','1313',13101,-33.4299590000,-70.6751680000,1,'X','X',1,1,NULL,NULL,NULL),(45,'Lucrecia Valdes','359',13101,-33.4415900000,-70.6759490000,1,'X','X',1,1,NULL,NULL,NULL),(46,'Maipu','1102',13101,-33.4324620000,-70.6775750000,1,'X','X',1,1,NULL,NULL,NULL),(47,'Martinez de Rozas','2879',13101,-33.4340020000,-70.6759540000,1,'X','X',1,1,NULL,NULL,NULL),(48,'Maturana','188',13101,-33.4425100000,-70.6665160000,1,'X','X',1,1,NULL,NULL,NULL),(49,'Moneda','250',13101,-33.4441670000,-70.6704070000,1,'X','X',1,1,NULL,NULL,NULL),(50,'Monjitas','870',13101,-33.4364430000,-70.6499840000,1,'X','X',1,1,NULL,NULL,NULL),(51,'Romero','3226',13101,-33.4371000000,-70.6499840000,1,'X','X',1,1,NULL,NULL,NULL),(52,'Romero','2835',13101,-33.4474950000,-70.6738390000,1,'X','X',1,1,NULL,NULL,NULL),(53,'San Pablo','1829',13101,-33.4343360000,-70.6633480000,1,'X','X',1,1,NULL,NULL,NULL),(54,'San Pablo','2461',13101,-33.4347300000,-70.6716470000,1,'X','X',1,1,NULL,NULL,NULL),(55,'Alonso de Ovalle','1060',13101,-33.4461360000,-70.6508460000,1,'X','X',1,1,NULL,NULL,NULL),(56,'Blas Cañas','416',13101,-33.4445870000,-70.6407730000,1,'X','X',1,1,NULL,NULL,NULL),(57,'Carabineros de Chile','232',13101,-33.4396450000,-70.6383080000,1,'X','X',1,1,NULL,NULL,NULL),(58,'Condor','1084',13101,-33.4502290000,-70.6502140000,1,'X','X',1,1,NULL,NULL,NULL),(59,'Corte Suprema','184',13101,-33.4485510000,-70.6560890000,1,'X','X',1,1,NULL,NULL,NULL),(60,'Curico','315',13101,-33.4445170000,-70.6376360000,1,'X','X',1,1,NULL,NULL,NULL),(61,'Diez de Julio Huamachuco, Avda.','511',13101,-33.4524670000,-70.6410810000,1,'X','X',1,1,NULL,NULL,NULL),(62,'Diez de Julio Huamachuco, Avda.','33',13101,-33.4518190000,-70.6314580000,1,'X','X',1,1,NULL,NULL,NULL),(63,'Eleuterio Ramirez','1008',13101,-33.4488860000,-70.6493820000,1,'X','X',1,1,NULL,NULL,NULL),(64,'Granado','564',13101,-33.4455630000,-70.6435800000,1,'X','X',1,1,NULL,NULL,NULL),(65,'Jofre','20',13101,-33.4440610000,-70.6336700000,1,'X','X',1,1,NULL,NULL,NULL),(66,'Las Carabelas','396',13101,-33.4438500000,-70.6407150000,1,'X','X',1,1,NULL,NULL,NULL),(67,'Las Carabelas','394',13101,-33.4437940000,-70.6405550000,1,'X','X',1,1,NULL,NULL,NULL),(68,'Manuel Antonio Tocornal','390',13101,-33.4480130000,-70.6406510000,1,'X','X',1,1,NULL,NULL,NULL),(69,'Marcoleta','659',13101,-33.4438510000,-70.6452930000,1,'X','X',1,1,NULL,NULL,NULL),(70,'Portugal, Avda.','125',13101,-33.4431880000,-70.6377550000,1,'X','X',1,1,NULL,NULL,NULL),(71,'Porvenir','377',13101,-33.4555720000,-70.6367000000,1,'X','X',1,1,NULL,NULL,NULL),(72,'Presidente Juan Antonio Rios','17',13101,-33.4432090000,-70.6467500000,1,'X','X',1,1,NULL,NULL,NULL),(73,'Quito','61',13101,-33.4421810000,-70.6419870000,1,'X','X',1,1,NULL,NULL,NULL),(74,'Roberto Espinoza','935',13101,-33.4579680000,-70.6527760000,1,'X','X',1,1,NULL,NULL,NULL),(75,'San Ignacio de Loyola','89',13101,-33.4467430000,-70.6572120000,1,'X','X',1,1,NULL,NULL,NULL),(76,'San Ignacio de Loyola','107',13101,-33.4510690000,-70.6564670000,1,'X','X',1,1,NULL,NULL,NULL),(77,'San Isidro','401',13101,-33.4488500000,-70.6435370000,1,'X','X',1,1,NULL,NULL,NULL),(78,'Santiago Concha','1155',13101,-33.4587970000,-70.6402300000,1,'X','X',1,1,NULL,NULL,NULL),(79,'Sara del Campo','522',13101,-33.4442950000,-70.6430050000,1,'X','X',1,1,NULL,NULL,NULL),(80,'Serrano','48',13101,-33.4447110000,-70.6493000000,1,'X','X',1,1,NULL,NULL,NULL),(81,'Zenteno','130',13101,-33.4467320000,-70.6523750000,1,'X','X',1,1,NULL,NULL,NULL),(82,'Bio Bio','840',13101,-33.4745090000,-70.6443510000,1,'X','X',1,1,NULL,NULL,NULL),(83,'Bio Bio','793',13101,-33.4736790000,-70.6435260000,1,'X','X',1,1,NULL,NULL,NULL),(84,'Manuel Antonio Tocornal','1448',13101,-33.4533690000,-70.6389160000,1,'X','X',1,1,NULL,NULL,NULL),(85,'Ñuble','33',13101,-33.4672350000,-70.6267450000,1,'X','X',1,1,NULL,NULL,NULL),(86,'Ñuble','63',13101,-33.4672350000,-70.6267450000,1,'X','X',1,1,NULL,NULL,NULL),(87,'Padre Orellana','1650',13101,-33.4656430000,-70.6299480000,1,'X','X',1,1,NULL,NULL,NULL),(88,'Salvador Sanfuentes','2608',13101,-33.4511140000,-70.6727250000,1,'X','X',1,1,NULL,NULL,NULL),(89,'Santa Elvira','528',13101,-33.4606220000,-70.6392290000,1,'X','X',1,1,NULL,NULL,NULL),(90,'Almirante Latorre','313',13101,-33.4514720000,-70.6647160000,1,'X','X',1,1,NULL,NULL,NULL),(91,'Antofagasta','2103',13101,-33.4665580000,-70.6877090000,1,'X','X',1,1,NULL,NULL,NULL),(92,'Claudio Gay','2360',13101,-33.4558400000,-70.6679520000,1,'X','X',1,1,NULL,NULL,NULL),(93,'Echaurren','340',13101,-33.4521720000,-70.6662530000,1,'X','X',1,1,NULL,NULL,NULL),(94,'Echaurren','277',13101,-33.4513850000,-70.6664690000,1,'X','X',1,1,NULL,NULL,NULL),(95,'Fucsias','2077',13101,-33.4738930000,-70.6694910000,1,'X','X',1,1,NULL,NULL,NULL),(96,'General Jose Miguel Carrera','188',13101,-33.4497840000,-70.6633730000,1,'X','X',1,1,NULL,NULL,NULL),(97,'General Rondizzoni, Avda.','2344',13101,-33.4704430000,-70.6663780000,1,'X','X',1,1,NULL,NULL,NULL),(98,'Gorbea','1985',13101,-33.4520500000,-70.6628440000,1,'X','X',1,1,NULL,NULL,NULL),(99,'Manuel Rodriguez Norte, Avda.','1724',13101,-33.4535010000,-70.6589520000,1,'X','X',1,1,NULL,NULL,NULL),(100,'Manuel Rodriguez Norte, Avda.','1724',13101,-33.4535010000,-70.6589520000,1,'X','X',1,1,NULL,NULL,NULL),(101,'Pedro Montt, Avda.','1663',13101,-33.4728410000,-70.6564780000,1,'X','X',1,1,NULL,NULL,NULL),(102,'Republica, Avda.','55',13101,-33.4490110000,-70.6683770000,1,'X','X',1,1,NULL,NULL,NULL),(103,'Rodulfo Phillipi','29',13101,-33.4495620000,-70.6738210000,1,'X','X',1,1,NULL,NULL,NULL),(104,'Sazie','2325',13101,-33.4509870000,-70.6684250000,1,'X','X',1,1,NULL,NULL,NULL),(105,'Sepulveda Leyton','2800',13101,-33.4693610000,-70.6700080000,1,'X','X',1,1,NULL,NULL,NULL),(106,'Toesca','2345',13101,-33.4543880000,-70.6680210000,1,'X','X',1,1,NULL,NULL,NULL),(107,'Vergara','726',13101,-33.4558230000,-70.6610300000,1,'X','X',1,1,NULL,NULL,NULL),(108,'Nueva Andres Bello ','1807',13108,-33.4166720000,-70.6642950000,2,'X','X',1,1,NULL,NULL,NULL),(109,'Av. Domingo Santa Maria','1116',13108,-33.4153560000,-70.6572550000,1,'X','X',1,1,NULL,NULL,NULL),(110,'Av. Domingo Santa Maria','1260',13108,-33.4153640000,-70.6565640000,1,'X','X',1,1,NULL,NULL,NULL),(111,'Av. Domingo Santa Maria','1501',13108,-33.4153270000,-70.6593890000,1,'X','X',1,1,NULL,NULL,NULL),(112,'San Jose  ','1086',13108,-33.4146750000,-70.6541700000,2,'X','X',1,1,NULL,NULL,NULL),(113,'Av. Independencia  ','2127',13108,-33.4065700000,-70.6601470000,1,'X','X',1,1,NULL,NULL,NULL),(114,'Hipodromo Chile  ','1060',13108,-33.4066650000,-70.6571100000,1,'X','X',1,1,NULL,NULL,NULL),(115,'Hipodromo Chile  ','1233',13108,-33.4066130000,-70.6575310000,1,'X','X',1,1,NULL,NULL,NULL),(116,'Freirina   ','1992',13108,-33.4083570000,-70.6643740000,1,'X','X',1,1,NULL,NULL,NULL),(117,'Bezanilla   ','1026',13108,-33.4174620000,-70.6564560000,1,'X','X',1,1,NULL,NULL,NULL),(118,'Av. Profesor Zañartu ','1185',13108,-33.4172860000,-70.6558360000,1,'X','X',1,1,NULL,NULL,NULL),(119,'Av. Profesor Zañartu ','1085',13108,-33.4171800000,-70.6547820000,2,'X','X',1,1,NULL,NULL,NULL),(120,'Av. Profesor Zañartu ','1010',13108,-33.4167780000,-70.6527950000,1,'X','X',1,1,NULL,NULL,NULL),(121,'Av. LA Paz ','1012',13108,-33.4189210000,-70.6505650000,1,'X','X',1,1,NULL,NULL,NULL),(122,'Av. Independencia  ','753',13108,-33.4221480000,-70.6548030000,2,'X','X',1,1,NULL,NULL,NULL),(123,'Teniente Bisson  ','818',13108,-33.4231220000,-70.6639110000,1,'X','X',1,1,NULL,NULL,NULL),(124,'Adolfo Ibañez  ','469',13108,-33.4261120000,-70.6566740000,2,'X','X',1,1,NULL,NULL,NULL),(125,'Maruri   ','272',13108,-33.4287820000,-70.6554080000,3,'X','X',1,1,NULL,NULL,NULL),(126,'Enrique Soro  ','1090',13108,-33.4174070000,-70.6713550000,2,'X','X',1,1,NULL,NULL,NULL),(127,'Alberto Magno  ','1428',13123,-33.4322610000,-70.6166440000,1,'X','X',1,1,NULL,NULL,NULL),(128,'Alcalde Davalos  ','16',13123,-33.4284000000,-70.6272460000,2,'X','X',1,1,NULL,NULL,NULL),(129,'Alfredo Barros Errazuriz ','1954',13123,-33.4265520000,-70.6125800000,1,'X','X',1,1,NULL,NULL,NULL),(130,'Alfredo Lecannelier  ','1952',13123,-33.4232000000,-70.6136310000,2,'X','X',1,1,NULL,NULL,NULL),(131,'Alfredo Rioseco  ','262',13123,-33.4423350000,-70.6279630000,2,'X','X',1,1,NULL,NULL,NULL),(132,'Almirante Pastene  ','71',13123,-33.4273970000,-70.6196120000,2,'X','X',1,1,NULL,NULL,NULL),(133,'Ana Luisa Prats ','924',13123,-33.4452440000,-70.6188460000,1,'X','X',1,1,NULL,NULL,NULL),(134,'Andacollo   ','1661',13123,-33.4377360000,-70.6061070000,2,'X','X',1,1,NULL,NULL,NULL),(135,'Antonio Bellet  ','190',13123,-33.4256140000,-70.6179840000,1,'X','X',1,1,NULL,NULL,NULL),(136,'Antonio Bellet  ','404',13123,-33.4238850000,-70.6199310000,1,'X','X',1,1,NULL,NULL,NULL),(137,'Antonio Varas  ','536',13123,-33.4321410000,-70.6158950000,3,'X','X',1,1,NULL,NULL,NULL),(138,'Arzobispo Casanova  ','18',13123,-33.4311240000,-70.6265930000,2,'X','X',1,1,NULL,NULL,NULL),(139,'Arzobispo Fuenzalida  ','2618',13123,-33.4404610000,-70.5987220000,1,'X','X',1,1,NULL,NULL,NULL),(140,'Austria   ','2095',13123,-33.4349700000,-70.6065450000,1,'X','X',1,1,NULL,NULL,NULL),(141,'Barcelona   ','2116',13123,-33.4244830000,-70.6106210000,1,'X','X',1,1,NULL,NULL,NULL),(142,'Benvenuto Cellini  ','1850',13123,-33.4390480000,-70.6062570000,1,'X','X',1,1,NULL,NULL,NULL),(143,'Bernarda Morin  ','551',13123,-33.4376360000,-70.6258370000,1,'X','X',1,1,NULL,NULL,NULL),(144,'Bravo   ','911',13123,-33.4339190000,-70.6230090000,1,'X','X',1,1,NULL,NULL,NULL),(145,'Bravo   ','951',13123,-33.4335610000,-70.6220210000,1,'X','X',1,1,NULL,NULL,NULL),(146,'Bucarest   ','95',13123,-33.4191000000,-70.6075860000,1,'X','X',1,1,NULL,NULL,NULL),(147,'Bustamante   ','120',13123,-33.4413490000,-70.6311760000,1,'X','X',1,1,NULL,NULL,NULL),(148,'Bustamante   ','32',13123,-33.4379460000,-70.6323660000,1,'X','X',1,1,NULL,NULL,NULL),(149,'Bustamante   ','398',13123,-33.4458550000,-70.6303570000,2,'X','X',1,1,NULL,NULL,NULL),(150,'Bustamante   ','402',13123,-33.4461280000,-70.6304320000,1,'X','X',1,1,NULL,NULL,NULL),(151,'Bustamante   ','458',13123,-33.4464980000,-70.6303300000,2,'X','X',1,1,NULL,NULL,NULL),(152,'Bustamante   ','88',13123,-33.4405000000,-70.6312820000,1,'X','X',1,1,NULL,NULL,NULL),(153,'California   ','2020',13123,-33.4370770000,-70.6072990000,1,'X','X',1,1,NULL,NULL,NULL),(154,'California   ','2414',13123,-33.4353310000,-70.6008830000,2,'X','X',1,1,NULL,NULL,NULL),(155,'Carlos Justiniano  ','1112',13123,-33.4374980000,-70.6185270000,1,'X','X',1,1,NULL,NULL,NULL),(156,'Carlos Walker  ','92',13123,-33.4336840000,-70.6307830000,2,'X','X',1,1,NULL,NULL,NULL),(157,'Carmen Silva  ','2498',13123,-33.4241120000,-70.6005680000,2,'X','X',1,1,NULL,NULL,NULL),(158,'Caupolican   ','440',13123,-33.4481210000,-70.6247740000,1,'X','X',1,1,NULL,NULL,NULL),(159,'Caupolican   ','490',13123,-33.4479910000,-70.6239540000,1,'X','X',1,1,NULL,NULL,NULL),(160,'Caupolican   ','574',13123,-33.4477330000,-70.6228280000,2,'X','X',1,1,NULL,NULL,NULL),(161,'Caupolican   ','1050',13123,-33.4463080000,-70.6173890000,1,'X','X',1,1,NULL,NULL,NULL),(162,'Chile España  ','1111',13123,-33.4437860000,-70.5947590000,2,'X','X',1,1,NULL,NULL,NULL),(163,'Chile España  ','945',13123,-33.4459170000,-70.5962400000,1,'X','X',1,1,NULL,NULL,NULL),(164,'Condell   ','157',13123,-33.4363470000,-70.6282490000,2,'X','X',1,1,NULL,NULL,NULL),(165,'Condell   ','343',13123,-33.4376210000,-70.6279540000,1,'X','X',1,1,NULL,NULL,NULL),(166,'Constitucion   ','135',13123,-33.4325210000,-70.6346620000,1,'X','X',1,1,NULL,NULL,NULL),(167,'Constitucion   ','53',13123,-33.4332450000,-70.6345050000,1,'X','X',1,1,NULL,NULL,NULL),(168,'Coronel   ','2313',13123,-33.4224470000,-70.6069410000,2,'X','X',1,1,NULL,NULL,NULL),(169,'Coyancura   ','2234',13123,-33.4233580000,-70.6088790000,1,'X','X',1,1,NULL,NULL,NULL),(170,'Coyancura   ','2253',13123,-33.4230630000,-70.6085650000,1,'X','X',1,1,NULL,NULL,NULL),(171,'Credito   ','451',13123,-33.4458420000,-70.6268630000,1,'X','X',1,1,NULL,NULL,NULL),(172,'Dario Urzua  ','1842',13123,-33.4310040000,-70.6126290000,2,'X','X',1,1,NULL,NULL,NULL),(173,'Dario Urzua  ','2140',13123,-33.4298570000,-70.6076800000,1,'X','X',1,1,NULL,NULL,NULL),(174,'De Las Claras ','106',13123,-33.4394430000,-70.6316820000,1,'X','X',1,1,NULL,NULL,NULL),(175,'Diagonal Rancagua  ','910',13123,-33.4391950000,-70.6210880000,2,'X','X',1,1,NULL,NULL,NULL),(176,'Doctor Hector Ducci ','1975',13123,-33.4284630000,-70.6144960000,1,'X','X',1,1,NULL,NULL,NULL),(177,'Doctor Luis Middleton ','1710',13123,-33.4266730000,-70.6150210000,1,'X','X',1,1,NULL,NULL,NULL),(178,'Doctor Solis de Ovando','242',13123,-33.4295690000,-70.6164880000,2,'X','X',1,1,NULL,NULL,NULL),(179,'El Aguilucho  ','3322',13123,-33.4425470000,-70.5967950000,1,'X','X',1,1,NULL,NULL,NULL),(180,'El Bosque  ','1802',13123,-33.4314530000,-70.5947330000,2,'X','X',1,1,NULL,NULL,NULL),(181,'Eliodoro Yañez  ','2290',13123,-33.4299860000,-70.6048710000,1,'X','X',1,1,NULL,NULL,NULL),(182,'Emeterio Larrain  ','345',13123,-33.4210270000,-70.6206960000,2,'X','X',1,1,NULL,NULL,NULL),(183,'Europa   ','2048',13123,-33.4272490000,-70.6100620000,1,'X','X',1,1,NULL,NULL,NULL),(184,'Europa   ','2084',13123,-33.4271610000,-70.6095890000,1,'X','X',1,1,NULL,NULL,NULL),(185,'Federico Froebel  ','1883',13123,-33.4325660000,-70.6113290000,2,'X','X',1,1,NULL,NULL,NULL),(186,'Fernando Manterola  ','530',13123,-33.4315580000,-70.6282740000,2,'X','X',1,1,NULL,NULL,NULL),(187,'Fidel Oteiza  ','1930',13123,-33.4255580000,-70.6128750000,1,'X','X',1,1,NULL,NULL,NULL),(188,'Fidel Oteiza  ','1964',13123,-33.4253430000,-70.6121750000,1,'X','X',1,1,NULL,NULL,NULL),(189,'Francisco Antonio Encina ','1723',13123,-33.4249320000,-70.6164210000,1,'X','X',1,1,NULL,NULL,NULL),(190,'Francisco Antonio Encina ','1781',13123,-33.4246220000,-70.6162340000,1,'X','X',1,1,NULL,NULL,NULL),(191,'Francisco Bilbao  ','2611',13123,-33.4361430000,-70.5964970000,1,'X','X',1,1,NULL,NULL,NULL),(192,'Francisco Bilbao  ','3092',13123,-33.4312710000,-70.5852360000,1,'X','X',1,1,NULL,NULL,NULL),(193,'Francisco Bilbao  ','547',13123,-33.4413530000,-70.6249190000,1,'X','X',1,1,NULL,NULL,NULL),(194,'Galvarino Gallardo  ','2036',13123,-33.4289580000,-70.6095850000,1,'X','X',1,1,NULL,NULL,NULL),(195,'Galvarino Gallardo  ','2185',13123,-33.4286330000,-70.6075260000,1,'X','X',1,1,NULL,NULL,NULL),(196,'General del Canto ','281',13123,-33.4302870000,-70.6176910000,2,'X','X',1,1,NULL,NULL,NULL),(197,'General del Canto ','557',13123,-33.4325610000,-70.6163150000,2,'X','X',1,1,NULL,NULL,NULL),(198,'General Flores  ','138',13123,-33.4267710000,-70.6193630000,1,'X','X',1,1,NULL,NULL,NULL),(199,'General Flores  ','60',13123,-33.4272680000,-70.6189990000,1,'X','X',1,1,NULL,NULL,NULL),(200,'Genova   ','2089',13123,-33.4294210000,-70.6087200000,2,'X','X',1,1,NULL,NULL,NULL),(201,'Girardi   ','1338',13123,-33.4464430000,-70.6240540000,1,'X','X',1,1,NULL,NULL,NULL),(202,'Hernando de Aguirre ','103',13123,-33.4190210000,-70.6013250000,3,'X','X',1,1,NULL,NULL,NULL),(203,'Hernando de Aguirre ','162',13123,-33.4192840000,-70.6008040000,1,'X','X',1,1,NULL,NULL,NULL),(204,'Hernando de Aguirre ','261',13123,-33.4203220000,-70.6008610000,1,'X','X',1,1,NULL,NULL,NULL),(205,'Holanda   ','100',13123,-33.4196390000,-70.6036520000,1,'X','X',1,1,NULL,NULL,NULL),(206,'Holanda   ','1555',13123,-33.4328040000,-70.5998990000,1,'X','X',1,1,NULL,NULL,NULL),(207,'Holanda   ','1555',13123,-33.4328040000,-70.5998990000,1,'X','P',1,1,NULL,NULL,NULL),(208,'Holanda   ','244',13123,-33.4209460000,-70.6032670000,1,'X','O',1,1,NULL,NULL,NULL),(209,'Huelen   ','132',13123,-33.4317860000,-70.6225480000,1,'X','O',1,1,NULL,NULL,NULL),(210,'Huelen   ','17',13123,-33.4310170000,-70.6233920000,1,'X','P',1,1,NULL,NULL,NULL),(211,'Isabel Riquelme  ','2',13123,-33.4330180000,-70.6308390000,2,'X','O',1,1,NULL,NULL,NULL),(212,'Italia   ','1295',13123,-33.4462460000,-70.6252300000,1,'X','P',1,1,NULL,NULL,NULL),(213,'Italia   ','1376',13123,-33.4469380000,-70.6247890000,1,'X','P',1,1,NULL,NULL,NULL),(214,'Joaquin Diaz Garces ','5',13123,-33.4447090000,-70.6326300000,1,'X','S',1,1,NULL,NULL,NULL),(215,'Jorge Matte Gormaz ','1650',13123,-33.4313090000,-70.5926950000,2,'X','O',1,1,NULL,NULL,NULL),(216,'Jose Arrieta  ','98',13123,-33.4629290000,-70.5476600000,2,'X','O',1,1,NULL,NULL,NULL),(217,'Jose Manuel Infante ','640',13123,-33.4373930000,-70.6218180000,2,'X','P',1,1,NULL,NULL,NULL),(218,'Jose Manuel Infante ','717',13123,-33.4377890000,-70.6219520000,1,'X','P',1,1,NULL,NULL,NULL),(219,'Juan de Dios Vial','1035',13123,-33.4972750000,-70.5362740000,2,'X','P',1,1,NULL,NULL,NULL),(220,'Juana de Lestonac ','120',13123,-33.4381150000,-70.6304780000,1,'X','N',1,1,NULL,NULL,NULL),(221,'Julio Prado  ','1083',13123,-33.4424010000,-70.6219710000,1,'X','P',1,1,NULL,NULL,NULL),(222,'Ladislao Errazuriz  ','2012',13123,-33.4316870000,-70.6090480000,2,'X','S',1,1,NULL,NULL,NULL),(223,'Las Dalias  ','2650',13123,-33.4303300000,-70.5982350000,1,'X','N',1,1,NULL,NULL,NULL),(224,'Las Hortensias  ','2371',13123,-33.4281290000,-70.6038180000,1,'X','S',1,1,NULL,NULL,NULL),(225,'Las Hortensias  ','2975',13123,-33.4252390000,-70.5930410000,1,'X','N',1,1,NULL,NULL,NULL),(226,'Las Petunias  ','1774',13123,-33.4293780000,-70.5882130000,1,'X','O',1,1,NULL,NULL,NULL),(227,'Lautaro   ','704',13123,-33.4461330000,-70.6212770000,1,'X','N',1,1,NULL,NULL,NULL),(228,'Los Araucanos  ','2353',13123,-33.4171900000,-70.6120500000,1,'X','S',1,1,NULL,NULL,NULL),(229,'Los Claveles  ','2744',13123,-33.4273640000,-70.5973110000,1,'X','N',1,1,NULL,NULL,NULL),(230,'Los Conquistadores  ','1700',13123,-33.4228690000,-70.6223340000,2,'X','x',1,1,NULL,NULL,NULL),(231,'Los Jesuitas  ','554',13123,-33.4444600000,-70.6239060000,1,'X','N',1,1,NULL,NULL,NULL),(232,'Los Jesuitas  ','658',13123,-33.4441330000,-70.6224400000,2,'X','N',1,1,NULL,NULL,NULL),(233,'Los Jesuitas  ','890',13123,-33.4436630000,-70.6200920000,2,'X','N',1,1,NULL,NULL,NULL),(234,'Los Navegantes  ','1947',13123,-33.4184860000,-70.6183640000,1,'X','S',1,1,NULL,NULL,NULL),(235,'Los Navegantes  ','2268',13123,-33.4159330000,-70.6143540000,2,'X','N',1,1,NULL,NULL,NULL),(236,'Los Piñones  ','18',13123,-33.4287330000,-70.6255180000,2,'X','O',1,1,NULL,NULL,NULL),(237,'Los Piñones  ','51',13123,-33.4282620000,-70.6261040000,1,'X','P',1,1,NULL,NULL,NULL),(238,'Los Piñones  ','62',13123,-33.4282300000,-70.6261680000,1,'X','O',1,1,NULL,NULL,NULL),(239,'Malaquias Concha  ','326',13123,-33.4484130000,-70.6264710000,1,'X','N',1,1,NULL,NULL,NULL),(240,'Mallinkrodt   ','104',13123,-33.4326100000,-70.6335060000,2,'X','O',1,1,NULL,NULL,NULL),(241,'Manuel Montt  ','1605',13123,-33.4422570000,-70.6149500000,2,'X','P',1,1,NULL,NULL,NULL),(242,'Manuel Montt  ','315',13123,-33.4311910000,-70.6187220000,1,'X','P',1,1,NULL,NULL,NULL),(243,'Manuel Montt  ','485',13123,-33.4311550000,-70.6187550000,1,'X','P',1,1,NULL,NULL,NULL),(244,'Manuel Montt  ','709',13123,-33.4343500000,-70.6168270000,1,'X','P',1,1,NULL,NULL,NULL),(245,'Manuel Montt  ','961',13123,-33.4347860000,-70.6167100000,2,'X','P',1,1,NULL,NULL,NULL),(246,'Mar del Plata ','2055',13123,-33.4326320000,-70.6081650000,1,'X','N',1,1,NULL,NULL,NULL),(247,'Marchant Pereira  ','1945',13123,-33.4408150000,-70.6094220000,2,'X','P',1,1,NULL,NULL,NULL),(248,'María Luisa Santander ','180',13123,-33.4389990000,-70.6306020000,1,'X','N',1,1,NULL,NULL,NULL),(249,'Melchor Concha  ','53',13123,-33.4310730000,-70.6290790000,2,'X','O',1,1,NULL,NULL,NULL),(250,'Miguel Claro  ','1314',13123,-33.4409940000,-70.6178910000,2,'X','O',1,1,NULL,NULL,NULL),(251,'Miguel Claro  ','301',13123,-33.4322730000,-70.6202580000,1,'X','P',1,1,NULL,NULL,NULL),(252,'Monseñor Carlos Casanueva (Plaza)','',13123,-33.4197780000,-70.6186400000,2,'X','P',1,1,NULL,NULL,NULL),(253,'Monseñor Carlos Casanueva ','315',13123,-33.4195530000,-70.6183520000,3,'X','O',1,1,NULL,NULL,NULL),(254,'Monseñor Sotero Sanz ','55',13123,-33.4237210000,-70.6139820000,1,'X','O',1,1,NULL,NULL,NULL),(255,'Monseñor Muller  ','74',13123,-33.4382270000,-70.6289830000,1,'X','O',1,1,NULL,NULL,NULL),(256,'Montecarmelo   ','145',13123,-33.4274650000,-70.6285990000,1,'X','O',1,1,NULL,NULL,NULL),(257,'Montecarmelo   ','35',13123,-33.4290940000,-70.6277760000,1,'X','O',1,1,NULL,NULL,NULL),(258,'Nueva Providencia  ','1270',13123,-33.4291860000,-70.6201580000,1,'X','N',1,1,NULL,NULL,NULL),(259,'Nueva Providencia  ','2040',13123,-33.4236770000,-70.6114710000,1,'X','N',1,1,NULL,NULL,NULL),(260,'Nueva Providencia  ','2134',13123,-33.4228070000,-70.6104320000,1,'X','N',1,1,NULL,NULL,NULL),(261,'Obispo Donoso  ','6',13123,-33.4353120000,-70.6290850000,1,'X','O',1,1,NULL,NULL,NULL),(262,'Obispo Hipolito Salas ','277',13123,-36.8310340000,-73.0548030000,1,'X','S',1,1,NULL,NULL,NULL),(263,'Orquideas   ','1151',13123,-36.8248850000,-73.1301970000,1,'X','P',1,1,NULL,NULL,NULL),(264,'Padre Letelier  ','285',13123,-33.4169230000,-70.6135480000,2,'X','P',1,1,NULL,NULL,NULL),(265,'Padre Mariano  ','83',13123,-33.4256070000,-70.6160430000,3,'X','O',1,1,NULL,NULL,NULL),(266,'Pedro Bannen  ','138',13123,-33.4402450000,-70.6308360000,1,'X','N',1,1,NULL,NULL,NULL),(267,'Perez Valenzuela  ','1098',13123,-33.4288590000,-70.6227760000,1,'X','N',1,1,NULL,NULL,NULL),(268,'Perez Valenzuela  ','1554',13123,-33.4248130000,-70.6197630000,1,'X','N',1,1,NULL,NULL,NULL),(269,'Pintor Casanova  ','1959',13123,-33.4221910000,-70.6144180000,1,'X','S',1,1,NULL,NULL,NULL),(270,'Pio X  ','2460',13123,-33.4206400000,-70.6045480000,1,'X','N',1,1,NULL,NULL,NULL),(271,'Pio X  ','2522',13123,-33.4205430000,-70.6031220000,2,'X','N',1,1,NULL,NULL,NULL),(272,'Plaza Pedro de Valdivia','1761',13123,-33.4389020000,-70.6082600000,2,'X','O',1,1,NULL,NULL,NULL),(273,'Pocuro   ','2869',13123,-33.4320050000,-70.5920240000,2,'X','N',1,1,NULL,NULL,NULL),(274,'Pocuro   ','3086',13123,-33.4299760000,-70.5869580000,2,'X','N',1,1,NULL,NULL,NULL),(275,'Providencia   ','1275',13123,-33.4288840000,-70.6204690000,2,'X','S',1,1,NULL,NULL,NULL),(276,'Providencia   ','2483',13123,-33.4192930000,-70.6044920000,2,'X','N',1,1,NULL,NULL,NULL),(277,'Providencia   ','2594',13123,-33.4181780000,-70.6031920000,1,'X','N',1,1,NULL,NULL,NULL),(278,'Providencia   ','2682',13123,-33.4179400000,-70.6020680000,1,'X','N',1,1,NULL,NULL,NULL),(279,'Providencia  (café literario)','395',13123,-33.4350000000,-70.6286430000,1,'X','N',1,1,NULL,NULL,NULL),(280,'Puyehue   ','1347',13123,-33.4403050000,-70.6147260000,1,'X','S',1,1,NULL,NULL,NULL),(281,'Quebec   ','424',13123,-33.4361770000,-70.6276690000,1,'X','N',1,1,NULL,NULL,NULL),(282,'Quebec   ','490',13123,-33.4357680000,-70.6272550000,1,'X','N',1,1,NULL,NULL,NULL),(283,'Rafael Cañas  ','71',13123,-33.4317030000,-70.6234230000,1,'X','P',1,1,NULL,NULL,NULL),(284,'Ramon Carnicer  ','151',13123,-33.4420690000,-70.6323080000,1,'X','P',1,1,NULL,NULL,NULL),(285,'Ramon Carnicer  ','187',13123,-33.4424570000,-70.6320720000,2,'X','P',1,1,NULL,NULL,NULL),(286,'Ramon Carnicer  ','41',13123,-33.4391660000,-70.6330190000,2,'X','P',1,1,NULL,NULL,NULL),(287,'Ramon Carnicer  ','5',13123,-33.4375280000,-70.6336840000,2,'X','P',1,1,NULL,NULL,NULL),(288,'Regimiento Cazadores  ','1268',13123,-33.4380910000,-70.6111530000,2,'X','O',1,1,NULL,NULL,NULL),(289,'Ricardo Lyon  ','2196',13123,-33.4405780000,-70.6029270000,2,'X','O',1,1,NULL,NULL,NULL),(290,'Ricardo Matte Perez ','220',13123,-33.4393940000,-70.6300070000,1,'X','N',1,1,NULL,NULL,NULL),(291,'Ricardo Matte Perez ','320',13123,-33.4391960000,-70.6287300000,1,'X','N',1,1,NULL,NULL,NULL),(292,'Ricardo Matte Perez ','441',13123,-33.4390450000,-70.6268970000,1,'X','S',1,1,NULL,NULL,NULL),(293,'Roman Diaz  ','102',13123,-33.4309740000,-70.6220110000,1,'X','O',1,1,NULL,NULL,NULL),(294,'Roman Diaz  ','240',13123,-33.4320720000,-70.6210710000,1,'X','O',1,1,NULL,NULL,NULL),(295,'Roman Diaz  ','535',13123,-33.4348070000,-70.6206410000,2,'X','P',1,1,NULL,NULL,NULL),(296,'Santa Isabel  ','843',13123,-33.4449080000,-70.6201240000,1,'X','S',1,1,NULL,NULL,NULL),(297,'Santa Magdalena  ','94',13123,-33.4202500000,-70.6097780000,2,'X','P',1,1,NULL,NULL,NULL),(298,'Santa Victoria  ','214',13123,-33.4457420000,-70.6286150000,1,'X','S',1,1,NULL,NULL,NULL),(299,'Seminario   ','151',13123,-33.4421030000,-70.6298800000,1,'X','P',1,1,NULL,NULL,NULL),(300,'Seminario   ','96',13123,-33.4403750000,-70.6299420000,2,'X','O',1,1,NULL,NULL,NULL),(301,'Septimo de Linea ','1262',13123,-33.4275820000,-70.6221030000,1,'X','N',1,1,NULL,NULL,NULL),(302,'Tomas Guevara  ','2950',13123,-33.4283610000,-70.5910440000,1,'X','S',1,1,NULL,NULL,NULL),(303,'Valenzuela Castillo  ','1699',13123,-33.4337420000,-70.6130220000,2,'X','S',1,1,NULL,NULL,NULL),(304,'Vasconia S/N  ','0',13123,-33.4415560000,-70.6098050000,2,'X','N',1,1,NULL,NULL,NULL),(305,'Vicuña Cifuentes  ','2315',13123,-33.4318110000,-70.6038180000,1,'X','S',1,1,NULL,NULL,NULL),(306,'Villarrica   ','586',13123,-33.4449440000,-70.6232050000,2,'X','N',1,1,NULL,NULL,NULL);
/*!40000 ALTER TABLE `estacionamientos` ENABLE KEYS */;
UNLOCK TABLES;

--
-- Table structure for table `provincias`
--

DROP TABLE IF EXISTS `provincias`;
/*!40101 SET @saved_cs_client     = @@character_set_client */;
/*!40101 SET character_set_client = utf8 */;
CREATE TABLE `provincias` (
  `id` int(10) unsigned NOT NULL AUTO_INCREMENT,
  `nombre` varchar(255) COLLATE utf8_bin NOT NULL,
  `region_id` int(11) unsigned NOT NULL,
  `created_at` datetime DEFAULT NULL,
  `updated_at` datetime DEFAULT NULL,
  `deleted_at` datetime DEFAULT NULL,
  `estado` tinyint(4) NOT NULL DEFAULT '0',
  PRIMARY KEY (`id`),
  UNIQUE KEY `id_UNIQUE` (`id`),
  KEY `region_id_fk_idx` (`region_id`),
  CONSTRAINT `region_id_fk` FOREIGN KEY (`region_id`) REFERENCES `regiones` (`id`) ON DELETE NO ACTION ON UPDATE NO ACTION
) ENGINE=InnoDB AUTO_INCREMENT=153 DEFAULT CHARSET=utf8 COLLATE=utf8_bin;
/*!40101 SET character_set_client = @saved_cs_client */;

--
-- Dumping data for table `provincias`
--

LOCK TABLES `provincias` WRITE;
/*!40000 ALTER TABLE `provincias` DISABLE KEYS */;
INSERT INTO `provincias` VALUES (11,'Iquique',1,NULL,NULL,NULL,0),(14,'Tamarugal',1,NULL,NULL,NULL,0),(21,'Antofagasta',2,NULL,NULL,NULL,0),(22,'El Loa',2,NULL,NULL,NULL,0),(23,'Tocopilla',2,NULL,NULL,NULL,0),(31,'Copiapó',3,NULL,NULL,NULL,0),(32,'Chañaral',3,NULL,NULL,NULL,0),(33,'Huasco',3,NULL,NULL,NULL,0),(41,'Elqui',4,NULL,NULL,NULL,0),(42,'Choapa',4,NULL,NULL,NULL,0),(43,'Limarí',4,NULL,NULL,NULL,0),(51,'Valparaíso',5,NULL,NULL,NULL,0),(52,'Isla de Pascua',5,NULL,NULL,NULL,0),(53,'Los Andes',5,NULL,NULL,NULL,0),(54,'Petorca',5,NULL,NULL,NULL,0),(55,'Quillota',5,NULL,NULL,NULL,0),(56,'San Antonio',5,NULL,NULL,NULL,0),(57,'San Felipe de Aconcagua',5,NULL,NULL,NULL,0),(58,'Marga Marga',5,NULL,NULL,NULL,0),(61,'Cachapoal',6,NULL,NULL,NULL,0),(62,'Cardenal Caro',6,NULL,NULL,NULL,0),(63,'Colchagua',6,NULL,NULL,NULL,0),(71,'Talca',7,NULL,NULL,NULL,0),(72,'Cauquenes',7,NULL,NULL,NULL,0),(73,'Curicó',7,NULL,NULL,NULL,0),(74,'Linares',7,NULL,NULL,NULL,0),(81,'Concepción',8,NULL,NULL,NULL,0),(82,'Arauco',8,NULL,NULL,NULL,0),(83,'Biobío',8,NULL,NULL,NULL,0),(84,'Ñuble',8,NULL,NULL,NULL,0),(91,'Cautín',9,NULL,NULL,NULL,0),(92,'Malleco',9,NULL,NULL,NULL,0),(101,'Llanquihue',10,NULL,NULL,NULL,0),(102,'Chiloé',10,NULL,NULL,NULL,0),(103,'Osorno',10,NULL,NULL,NULL,0),(104,'Palena',10,NULL,NULL,NULL,0),(111,'Coihaique',11,NULL,NULL,NULL,0),(112,'Aysén',11,NULL,NULL,NULL,0),(113,'Capitán Prat',11,NULL,NULL,NULL,0),(114,'General Carrera',11,NULL,NULL,NULL,0),(121,'Magallanes',12,NULL,NULL,NULL,0),(122,'Antártica Chilena',12,NULL,NULL,NULL,0),(123,'Tierra del Fuego',12,NULL,NULL,NULL,0),(124,'Última Esperanza',12,NULL,NULL,NULL,0),(131,'Santiago',13,NULL,NULL,NULL,1),(132,'Cordillera',13,NULL,NULL,NULL,0),(133,'Chacabuco',13,NULL,NULL,NULL,0),(134,'Maipo',13,NULL,NULL,NULL,0),(135,'Melipilla',13,NULL,NULL,NULL,0),(136,'Talagante',13,NULL,NULL,NULL,0),(141,'Valdivia',14,NULL,NULL,NULL,0),(142,'Ranco',14,NULL,NULL,NULL,0),(151,'Arica',15,NULL,NULL,NULL,0),(152,'Parinacota',15,NULL,NULL,NULL,0);
/*!40000 ALTER TABLE `provincias` ENABLE KEYS */;
UNLOCK TABLES;

--
-- Table structure for table `regiones`
--

DROP TABLE IF EXISTS `regiones`;
/*!40101 SET @saved_cs_client     = @@character_set_client */;
/*!40101 SET character_set_client = utf8 */;
CREATE TABLE `regiones` (
  `id` int(10) unsigned NOT NULL AUTO_INCREMENT,
  `nombre` varchar(255) COLLATE utf8_bin NOT NULL,
  `created_at` datetime DEFAULT NULL,
  `updated_at` datetime DEFAULT NULL,
  `deleted_at` datetime DEFAULT NULL,
  `estado` tinyint(4) NOT NULL DEFAULT '0',
  PRIMARY KEY (`id`),
  UNIQUE KEY `id_UNIQUE` (`id`)
) ENGINE=InnoDB AUTO_INCREMENT=16 DEFAULT CHARSET=utf8 COLLATE=utf8_bin;
/*!40101 SET character_set_client = @saved_cs_client */;

--
-- Dumping data for table `regiones`
--

LOCK TABLES `regiones` WRITE;
/*!40000 ALTER TABLE `regiones` DISABLE KEYS */;
INSERT INTO `regiones` VALUES (1,'Tarapacá',NULL,NULL,NULL,0),(2,'Antofagasta',NULL,NULL,NULL,0),(3,'Atacama',NULL,NULL,NULL,0),(4,'Coquimbo',NULL,NULL,NULL,0),(5,'Valparaíso',NULL,NULL,NULL,0),(6,'del Libertador Gral. Bernardo O’Higgins',NULL,NULL,NULL,0),(7,'del Maule',NULL,NULL,NULL,0),(8,'del Bio bío',NULL,NULL,NULL,0),(9,'de La Araucanía',NULL,NULL,NULL,0),(10,'de Los Lagos',NULL,NULL,NULL,0),(11,'Aysén del Gral. Carlos Ibáñez del Campo',NULL,NULL,NULL,0),(12,'de Magallanes y de la Antártica Chilena',NULL,NULL,NULL,0),(13,'Metropolitana de Santiago',NULL,NULL,NULL,1),(14,'de Los Ríos',NULL,NULL,NULL,0),(15,'Arica y Parinacota',NULL,NULL,NULL,0);
/*!40000 ALTER TABLE `regiones` ENABLE KEYS */;
UNLOCK TABLES;

--
-- Temporary view structure for view `todos_los_estacionamientos`
--

DROP TABLE IF EXISTS `todos_los_estacionamientos`;
/*!50001 DROP VIEW IF EXISTS `todos_los_estacionamientos`*/;
SET @saved_cs_client     = @@character_set_client;
SET character_set_client = utf8;
/*!50001 CREATE VIEW `todos_los_estacionamientos` AS SELECT 
 1 AS `nombre_region`,
 1 AS `nombre_provincia`,
 1 AS `nombre_comuna`,
 1 AS `calle_estacionamiento`,
 1 AS `numero_estacionamiento`*/;
SET character_set_client = @saved_cs_client;

--
-- Table structure for table `usuarios`
--

DROP TABLE IF EXISTS `usuarios`;
/*!40101 SET @saved_cs_client     = @@character_set_client */;
/*!40101 SET character_set_client = utf8 */;
CREATE TABLE `usuarios` (
  `id` int(10) unsigned NOT NULL AUTO_INCREMENT,
  `nombre` varchar(255) COLLATE utf8_bin NOT NULL,
  `email` varchar(255) COLLATE utf8_bin NOT NULL,
  `password` varchar(255) COLLATE utf8_bin NOT NULL,
  `created_at` datetime DEFAULT NULL,
  `updated_at` datetime DEFAULT NULL,
  `deleted_at` datetime DEFAULT NULL,
  PRIMARY KEY (`id`),
  UNIQUE KEY `id_UNIQUE` (`id`),
  UNIQUE KEY `email_UNIQUE` (`email`)
) ENGINE=InnoDB DEFAULT CHARSET=utf8 COLLATE=utf8_bin;
/*!40101 SET character_set_client = @saved_cs_client */;

--
-- Dumping data for table `usuarios`
--

LOCK TABLES `usuarios` WRITE;
/*!40000 ALTER TABLE `usuarios` DISABLE KEYS */;
/*!40000 ALTER TABLE `usuarios` ENABLE KEYS */;
UNLOCK TABLES;

--
-- Final view structure for view `todos_los_estacionamientos`
--

/*!50001 DROP VIEW IF EXISTS `todos_los_estacionamientos`*/;
/*!50001 SET @saved_cs_client          = @@character_set_client */;
/*!50001 SET @saved_cs_results         = @@character_set_results */;
/*!50001 SET @saved_col_connection     = @@collation_connection */;
/*!50001 SET character_set_client      = utf8 */;
/*!50001 SET character_set_results     = utf8 */;
/*!50001 SET collation_connection      = utf8_general_ci */;
/*!50001 CREATE ALGORITHM=UNDEFINED */
/*!50013 DEFINER=`root`@`localhost` SQL SECURITY DEFINER */
/*!50001 VIEW `todos_los_estacionamientos` AS select `regiones`.`nombre` AS `nombre_region`,`provincias`.`nombre` AS `nombre_provincia`,`comunas`.`nombre` AS `nombre_comuna`,`estacionamientos`.`calle` AS `calle_estacionamiento`,`estacionamientos`.`numero` AS `numero_estacionamiento` from (((`regiones` join `provincias` on((`provincias`.`region_id` = `regiones`.`id`))) join `comunas` on((`comunas`.`provincia_id` = `provincias`.`id`))) join `estacionamientos` on((`estacionamientos`.`comuna_id` = `comunas`.`id`))) */;
/*!50001 SET character_set_client      = @saved_cs_client */;
/*!50001 SET character_set_results     = @saved_cs_results */;
/*!50001 SET collation_connection      = @saved_col_connection */;
/*!40103 SET TIME_ZONE=@OLD_TIME_ZONE */;

/*!40101 SET SQL_MODE=@OLD_SQL_MODE */;
/*!40014 SET FOREIGN_KEY_CHECKS=@OLD_FOREIGN_KEY_CHECKS */;
/*!40014 SET UNIQUE_CHECKS=@OLD_UNIQUE_CHECKS */;
/*!40101 SET CHARACTER_SET_CLIENT=@OLD_CHARACTER_SET_CLIENT */;
/*!40101 SET CHARACTER_SET_RESULTS=@OLD_CHARACTER_SET_RESULTS */;
/*!40101 SET COLLATION_CONNECTION=@OLD_COLLATION_CONNECTION */;
/*!40111 SET SQL_NOTES=@OLD_SQL_NOTES */;

-- Dump completed on 2018-04-28 20:35:43
